<?xml version="1.0" encoding="UTF-8"?>
<odoo>
  <data noupdate="1">
    <record id="sh_ticket_new_template" model="mail.template">
      <field name="name">New Ticket: Send by email</field>
      <field name="model_id" ref="sh_all_in_one_helpdesk.model_sh_helpdesk_ticket" />
      <field name="email_from">{{ (object.company_id.partner_id.email_formatted) }}</field>
      <field name="partner_to">{{(  object.partner_id.id) }}</field>
      <field name="subject">{{object.company_id.name}} Your Ticket is generated (Ref {{object.name or 'n/a' }})</field>
      <field name="lang">{{ object.partner_id.lang }}</field>
      <field name="auto_delete" eval="False" />
      <field name="body_html" type="html">
        <div style="margin: 0px; padding: 0px;">
          <table border="0" width="100%" cellpadding="0" bgcolor="#ededed" style="padding: 20px; background-color: #ededed; border-collapse:separate;">
            <tbody>
              <!-- HEADER -->
              <tr>
                <td align="center" style="min-width: 590px;">
                  <table width="590" border="0" cellpadding="0" bgcolor="#875A7B" style="min-width: 590px; background-color: rgb(135,90,123); padding: 20px; border-collapse:separate;">
                    <tr>
                      <td valign="middle">
                        <span style="font-size:20px; color:white; font-weight: bold;">
                          <!-- {{object.name}} -->
                          <t t-out="object.name" />
                        </span>
                      </td>

                      <td valign="middle" align="right">
                        <img src="/logo.png?company={{ object.company_id.id }}" style="padding: 0px; margin: 0px; height: auto; width: 80px;" alt="{{object.company_id.name}}" />
                      </td>
                    </tr>
                  </table>
                </td>
              </tr>

              <!-- CONTENT -->
              <tr>
                <td align="center" style="min-width: 590px;">
                  <table width="590" border="0" cellpadding="0" bgcolor="#ffffff" style="min-width: 590px; background-color: rgb(255, 255, 255); padding: 20px; border-collapse:separate;">
                    <tbody>
                      <td valign="top" style="font-family:Arial,Helvetica,sans-serif; color: #555; font-size: 14px;">
                        <p style="margin: 0px; padding: 0px; font-size: 13px;">
                          Dear
                          <t t-out="object.partner_id.name" />
                          We received your request.
                          <br />
                          <br />
                          Our Support Team will contact you as soon as possible.
                          <br />
                          <br />
                          <br />
                          <center>
                            <t t-if="object.company_id.access_for_everyone">
                              <a t-attf-href="{{ object.get_portal_url() }}" style="background-color: #1abc9c; padding: 10px; text-decoration: none; color: #fff; border-radius: 5px; font-size: 16px;" class="o_default_snippet_text">View Ticket</a>
                            </t>
                            <t t-else="">
                              <a t-attf-href="/my/helpdesk_tickets/{{ object.id }}" style="background-color: #1abc9c; padding: 10px; text-decoration: none; color: #fff; border-radius: 5px; font-size: 16px;" class="o_default_snippet_text">View Ticket</a>
                            </t>
                          </center>
                          <br />
                          <br />
                        </p>
                      </td>
                    </tbody>
                  </table>
                </td>
              </tr>

              <!-- FOOTER -->
              <tr>
                <td align="center" style="min-width: 590px;">
                  <table width="590" border="0" cellpadding="0" bgcolor="#875A7B" style="min-width: 590px; background-color: rgb(135,90,123); padding: 20px; border-collapse:separate;">
                    <tr>
                      <td valign="middle" align="left" style="color: #fff; padding-top: 10px; padding-bottom: 10px; font-size: 12px;">
                        <t t-out="object.company_id.name" />
                        <br />
                        <t t-out="object.company_id.phone or ''" />
                      </td>
                      <td valign="middle" align="right" style="color: #fff; padding-top: 10px; padding-bottom: 10px; font-size: 12px;">
                        <t t-if="object.company_id.email">
                          <a t-attf-href="mailto:{{ object.company_id.email }}" style="text-decoration:none; color: white;">
                            <t t-out="object.company_id.email" />
                          </a>
                        </t>
                        <br />
                        <t t-if="object.company_id.website">
                          <a t-attf-href="{{ object.company_id.website }}" style="text-decoration:none; color: white;">
                            <t t-out="object.company_id.website" />
                          </a>
                        </t>
                      </td>
                    </tr>
                  </table>
                </td>
              </tr>
            </tbody>
          </table>
        </div>
      </field>
    </record>
    <record id="sh_ticket_done_template" model="mail.template">
      <field name="name">Ticket is Resolved: Send by email</field>
      <field name="model_id" ref="sh_all_in_one_helpdesk.model_sh_helpdesk_ticket" />
      <field name="email_from">{{ (object.create_uid.partner_id.email_formatted) }}</field>
      <field name="partner_to">{{ (object.partner_id.id) }}</field>
      <field name="lang">{{ object.partner_id.lang }}</field>
      <field name="subject">{{object.company_id.name}} Your ticket is resolved (Ref {{object.name or 'n/a'}})</field>
      <field name="auto_delete" eval="False" />
      <field name="body_html" type="html">
        <div style="margin: 0px; padding: 0px;">


          <table border="0" width="100%" cellpadding="0" bgcolor="#ededed" style="padding: 20px; background-color: #ededed; border-collapse:separate;">
            <tbody>

              <!-- HEADER -->
              <tr>
                <td align="center" style="min-width: 590px;">
                  <table width="590" border="0" cellpadding="0" bgcolor="#875A7B" style="min-width: 590px; background-color: rgb(135,90,123); padding: 20px; border-collapse:separate;">
                    <tr>
                      <td valign="middle">
                        <span style="font-size:20px; color:white; font-weight: bold;">
                          <t t-out="object.name" />
                        </span>
                      </td>
                      <td valign="middle" align="right">
                        <img src="/logo.png?company={{object.company_id.id}}" style="padding: 0px; margin: 0px; height: auto; width: 80px;" alt="{{object.company_id.name}}" />
                      </td>
                    </tr>
                  </table>
                </td>
              </tr>

              <!-- CONTENT -->
              <tr>
                <td align="center" style="min-width: 590px;">
                  <table width="590" border="0" cellpadding="0" bgcolor="#ffffff" style="min-width: 590px; background-color: rgb(255, 255, 255); padding: 20px; border-collapse:separate;">
                    <tbody>
                      <td valign="top" style="font-family:Arial,Helvetica,sans-serif; color: #555; font-size: 14px;">
                        <p style="margin: 0px; padding: 0px; font-size: 13px;">
                          Dear
                          <t t-out="object.partner_id.name" />
                          <br />
                          <br />
                          As your request we have resolved your ticket.
                          <br />
                          <br />
                          <br />
                          <center>
                            <t t-if="object.company_id.access_for_everyone">
                              <a t-attf-href="{{ object.get_portal_url() }}" style="background-color: #1abc9c; padding: 10px; text-decoration: none; color: #fff; border-radius: 5px; font-size: 16px;" class="o_default_snippet_text">View Ticket</a>
                            </t>
                            <t t-else="">
                              <a t-attf-href="/my/helpdesk_tickets/{{ object.id }}" style="background-color: #1abc9c; padding: 10px; text-decoration: none; color: #fff; border-radius: 5px; font-size: 16px;" class="o_default_snippet_text">View Ticket</a>
                            </t>
                          </center>
                          <br />
                          <br />
                        </p>
                      </td>
                    </tbody>
                  </table>
                </td>
              </tr>

              <!-- FOOTER -->
              <tr>
                <td align="center" style="min-width: 590px;">
                  <table width="590" border="0" cellpadding="0" bgcolor="#875A7B" style="min-width: 590px; background-color: rgb(135,90,123); padding: 20px; border-collapse:separate;">
                    <tr>
                      <td valign="middle" align="left" style="color: #fff; padding-top: 10px; padding-bottom: 10px; font-size: 12px;">
                        <t t-out="object.company_id.name" />
                        <br />
                        <t t-out="object.company_id.phone or ''" />
                      </td>
                      <td valign="middle" align="right" style="color: #fff; padding-top: 10px; padding-bottom: 10px; font-size: 12px;">
                        <t t-if="object.company_id.email">
                          <a t-attf-href="mailto:{{object.company_id.email}}" style="text-decoration:none; color: white;">
                            <t t-out="object.company_id.email" />
                          </a>
                        </t>

                        <br />
                        <t t-if="object.company_id.website">
                          <a t-attf-href="{{object.company_id.website}}" style="text-decoration:none; color: white;">
                            <t t-out="object.company_id.website" />
                          </a>
                        </t>
                      </td>
                    </tr>
                  </table>
                </td>
              </tr>
            </tbody>
          </table>
        </div>
      </field>
    </record>
    <record id="sh_ticket_cancelled_template" model="mail.template">
      <field name="name">Ticket is Cancelled: Send by email</field>
      <field name="model_id" ref="sh_all_in_one_helpdesk.model_sh_helpdesk_ticket" />
      <field name="email_from">{{ (object.create_uid.partner_id.email_formatted) }}</field>
      <field name="partner_to">{{ (object.partner_id.id) }}</field>
      <field name="lang">{{ object.partner_id.lang }}</field>
      <field name="subject">{{object.company_id.name}} Your ticket is cancelled (Ref {{object.name or 'n/a'}})</field>
      <field name="auto_delete" eval="False" />
      <field name="body_html" type="html">
        <div style="margin: 0px; padding: 0px;">


          <table border="0" width="100%" cellpadding="0" bgcolor="#ededed" style="padding: 20px; background-color: #ededed; border-collapse:separate;">
            <tbody>

              <!-- HEADER -->
              <tr>
                <td align="center" style="min-width: 590px;">
                  <table width="590" border="0" cellpadding="0" bgcolor="#875A7B" style="min-width: 590px; background-color: rgb(135,90,123); padding: 20px; border-collapse:separate;">
                    <tr>
                      <td valign="middle">
                        <span style="font-size:20px; color:white; font-weight: bold;">
                          <t t-out="object.name" />
                        </span>
                      </td>
                      <td valign="middle" align="right">
                        <img src="/logo.png?company={{object.company_id.id}}" style="padding: 0px; margin: 0px; height: auto; width: 80px;" alt="{{object.company_id.name}}" />
                      </td>
                    </tr>
                  </table>
                </td>
              </tr>

              <!-- CONTENT -->
              <tr>
                <td align="center" style="min-width: 590px;">
                  <table width="590" border="0" cellpadding="0" bgcolor="#ffffff" style="min-width: 590px; background-color: rgb(255, 255, 255); padding: 20px; border-collapse:separate;">
                    <tbody>
                      <td valign="top" style="font-family:Arial,Helvetica,sans-serif; color: #555; font-size: 14px;">
                        <p style="margin: 0px; padding: 0px; font-size: 13px;">
                          Dear
                          <t t-out="object.partner_id.name" />
                          ,
                          <br />
                          <br />
                          Your ticket is cancelled for now based on some technical issue.
                          <br />
                          <br />
                          <br />
                          <center>
                            <t t-if="object.company_id.access_for_everyone">
                              <a t-attf-href="{{ object.get_portal_url() }}" style="background-color: #1abc9c; padding: 10px; text-decoration: none; color: #fff; border-radius: 5px; font-size: 16px;" class="o_default_snippet_text">View Ticket</a>
                            </t>
                            <t t-else="">
                              <a t-attf-href="/my/helpdesk_tickets/{{ object.id }}" style="background-color: #1abc9c; padding: 10px; text-decoration: none; color: #fff; border-radius: 5px; font-size: 16px;" class="o_default_snippet_text">View Ticket</a>
                            </t>
                          </center>
                          <br />
                          <br />
                        </p>
                      </td>
                    </tbody>
                  </table>
                </td>
              </tr>

              <!-- FOOTER -->
              <tr>
                <td align="center" style="min-width: 590px;">
                  <table width="590" border="0" cellpadding="0" bgcolor="#875A7B" style="min-width: 590px; background-color: rgb(135,90,123); padding: 20px; border-collapse:separate;">
                    <tr>
                      <td valign="middle" align="left" style="color: #fff; padding-top: 10px; padding-bottom: 10px; font-size: 12px;">
                        <t t-out="object.company_id.name" />
                        <br />
                        <t t-out="object.company_id.phone or ''" />
                      </td>
                      <td valign="middle" align="right" style="color: #fff; padding-top: 10px; padding-bottom: 10px; font-size: 12px;">

                        <t t-if="object.company_id.email">
                          <a t-attf-href="mailto:{{object.company_id.email}}" style="text-decoration:none; color: white;">
                            <t t-out="object.company_id.email" />
                          </a>
                        </t>
                        <br />
                        <t t-if="object.company_id.website">
                          <a t-attf-href="{{object.company_id.website}}" style="text-decoration:none; color: white;">
                            <t t-out="object.company_id.website" />
                          </a>
                        </t>
                      </td>
                    </tr>
                  </table>
                </td>
              </tr>
            </tbody>
          </table>
        </div>
      </field>
    </record>
    <record id="sh_ticket_reopened_template" model="mail.template">
      <field name="name">Ticket is Re-Opened: Send by email</field>
      <field name="model_id" ref="sh_all_in_one_helpdesk.model_sh_helpdesk_ticket" />
      <field name="email_from">{{ (object.create_uid.partner_id.email_formatted) }}</field>
      <field name="partner_to">{{ (object.partner_id.id) }}</field>
      <field name="subject">{{object.company_id.name}} Your ticket is re-opened (Ref {{object.name or 'n/a' }})</field>
      <field name="lang">{{ object.partner_id.lang }}</field>
      <field name="auto_delete" eval="False" />
      <field name="body_html" type="html">
        <div style="margin: 0px; padding: 0px;">
          <table border="0" width="100%" cellpadding="0" bgcolor="#ededed" style="padding: 20px; background-color: #ededed; border-collapse:separate;">
            <tbody>
              <!-- HEADER -->
              <tr>
                <td align="center" style="min-width: 590px;">
                  <table width="590" border="0" cellpadding="0" bgcolor="#875A7B" style="min-width: 590px; background-color: rgb(135,90,123); padding: 20px; border-collapse:separate;">
                    <tr>
                      <td valign="middle">
                        <span style="font-size:20px; color:white; font-weight: bold;">
                          <t t-out="object.name" />
                        </span>
                      </td>
                      <td valign="middle" align="right">
                        <img src="/logo.png?company={{object.company_id.id}}" style="padding: 0px; margin: 0px; height: auto; width: 80px;" alt="{{object.company_id.name}}" />
                      </td>
                    </tr>
                  </table>
                </td>
              </tr>

              <!-- CONTENT -->
              <tr>
                <td align="center" style="min-width: 590px;">
                  <table width="590" border="0" cellpadding="0" bgcolor="#ffffff" style="min-width: 590px; background-color: rgb(255, 255, 255); padding: 20px; border-collapse:separate;">
                    <tbody>
                      <td valign="top" style="font-family:Arial,Helvetica,sans-serif; color: #555; font-size: 14px;">
                        <p style="margin: 0px; padding: 0px; font-size: 13px;">
                          Dear
                          <t t-out="object.partner_id.name" />
                          Your ticket is Re-opened,
                          <br />
                          <br />
                          We will follow-up as soon as possible.
                          <br />
                          <br />
                          <br />
                          <center>
                            <t t-if="object.company_id.access_for_everyone">
                              <a t-attf-href="{{ object.get_portal_url() }}" style="background-color: #1abc9c; padding: 10px; text-decoration: none; color: #fff; border-radius: 5px; font-size: 16px;" class="o_default_snippet_text">View Ticket</a>
                            </t>
                            <t t-else="">
                              <a t-attf-href="/my/helpdesk_tickets/{{ object.id }}" style="background-color: #1abc9c; padding: 10px; text-decoration: none; color: #fff; border-radius: 5px; font-size: 16px;" class="o_default_snippet_text">View Ticket</a>
                            </t>
                          </center>
                          <br />
                          <br />
                        </p>
                      </td>
                    </tbody>
                  </table>
                </td>
              </tr>

              <!-- FOOTER -->
              <tr>
                <td align="center" style="min-width: 590px;">
                  <table width="590" border="0" cellpadding="0" bgcolor="#875A7B" style="min-width: 590px; background-color: rgb(135,90,123); padding: 20px; border-collapse:separate;">
                    <tr>
                      <td valign="middle" align="left" style="color: #fff; padding-top: 10px; padding-bottom: 10px; font-size: 12px;">
                        <t t-out="object.company_id.name" />
                        <br />
                        <t t-out="object.company_id.phone or ''" />
                      </td>
                      <td valign="middle" align="right" style="color: #fff; padding-top: 10px; padding-bottom: 10px; font-size: 12px;">
                        <t t-if=" object.company_id.email">
                          <a href="mailto:${object.company_id.email}" style="text-decoration:none; color: white;"></a>
                          <t t-out="object.company_id.email" />
                        </t>
                        <br />
                        <t t-if="object.company_id.website"></t>
                        <a href="${object.company_id.website}" style="text-decoration:none; color: white;">
                          <t t-out="object.company_id.website" />
                        </a>
                      </td>
                    </tr>
                  </table>
                </td>
              </tr>
            </tbody>
          </table>
        </div>
      </field>
    </record>
    <record id="sh_ticket_user_allocation_template" model="mail.template">
      <field name="name">Ticket Allocation to assign user: Send by email</field>
      <field name="model_id" ref="sh_all_in_one_helpdesk.model_sh_helpdesk_ticket" />
      <field name="subject">{{ (object.company_id.name) }} Ticket is assign to user (Ref {{ (object.name or 'n/a') }}</field>
      <field name="lang">{{ object.user_id.partner_id.lang or object.team_head.partner_id.lang}}</field>
      <field name="auto_delete" eval="False" />
      <field name="body_html" type="html">
        <div style="margin: 0px; padding: 0px;">
          <table border="0" width="100%" cellpadding="0" bgcolor="#ededed" style="padding: 20px; background-color: #ededed; border-collapse:separate;">
            <tbody>

              <!-- HEADER -->
              <tr>
                <td align="center" style="min-width: 590px;">
                  <table width="590" border="0" cellpadding="0" bgcolor="#875A7B" style="min-width: 590px; background-color: rgb(135,90,123); padding: 20px; border-collapse:separate;">
                    <tr>
                      <td valign="middle">
                        <span style="font-size:20px; color:white; font-weight: bold;">
                          <t t-esc="object.name" />
                        </span>
                      </td>
                      <td valign="middle" align="right">
                        <img src="/logo.png?company={{object.company_id.id}}" style="padding: 0px; margin: 0px; height: auto; width: 80px;" alt="{{object.company_id.name}}" />
                      </td>
                    </tr>
                  </table>
                </td>
              </tr>

              <!-- CONTENT -->
              <tr>
                <td align="center" style="min-width: 590px;">
                  <table width="590" border="0" cellpadding="0" bgcolor="#ffffff" style="min-width: 590px; background-color: rgb(255, 255, 255); padding: 20px; border-collapse:separate;">
                    <tbody>
                      <td valign="top" style="font-family:Arial,Helvetica,sans-serif; color: #555; font-size: 14px;">
                        <p style="margin: 0px; padding: 0px; font-size: 13px;">
                          We Have received new ticket from customer.
                          <br />
                          <br />
                          Please take a follow-up as soon as possible.
                          <br />
                          <br />
                          <br />
                          <center>
                            <a t-attf-href="{{object.form_url}}" style="background-color: #1abc9c; padding: 10px; text-decoration: none; color: #fff; border-radius: 5px; font-size: 16px;" class="o_default_snippet_text">View Ticket</a>
                          </center>
                          <br />
                          <br />
                        </p>
                      </td>
                    </tbody>
                  </table>
                </td>
              </tr>

              <!-- FOOTER -->
              <tr>
                <td align="center" style="min-width: 590px;">
                  <table width="590" border="0" cellpadding="0" bgcolor="#875A7B" style="min-width: 590px; background-color: rgb(135,90,123); padding: 20px; border-collapse:separate;">
                    <tr>
                      <td valign="middle" align="left" style="color: #fff; padding-top: 10px; padding-bottom: 10px; font-size: 12px;">
                        <t t-out="object.company_id.name" />
                        <br />
                        <t t-out="object.company_id.phone or ''" />
                      </td>
                      <td valign="middle" align="right" style="color: #fff; padding-top: 10px; padding-bottom: 10px; font-size: 12px;">

                        <t t-if="object.company_id.email">
                          <a t-attf-href="mailto:{{object.company_id.email}}" style="text-decoration:none; color: white;">
                            <t t-out="object.company_id.email" />
                          </a>
                        </t>

                        <br />
                        <t t-if="object.company_id.website">
                          <a t-attf-href="{{object.company_id.website}}" style="text-decoration:none; color: white;">
                            <t t-out="object.company_id.website" />
                          </a>
                        </t>
                      </td>
                    </tr>
                  </table>
                </td>
              </tr>
            </tbody>
          </table>
        </div>
      </field>
    </record>
    <record id="sh_ticket_replay_template" model="mail.template">
      <field name="name">Ticket Reply: Send by email</field>
      <field name="model_id" ref="sh_all_in_one_helpdesk.model_sh_helpdesk_ticket" />
      <field name="email_from">{{ (object.create_uid.partner_id.email_formatted) }}</field>
      <field name="partner_to">{{ (object.partner_id.id) }}</field>
      <field name="subject">Ticket reply from {{object.company_id.name}} (Ref {{object.name or 'n/a'}})</field>
      <field name="lang">{{ object.partner_id.lang }}</field>
      <field name="auto_delete" eval="False" />
      <field name="body_html" type="html">
        <div style="margin: 0px; padding: 0px;">

          <table border="0" width="100%" cellpadding="0" bgcolor="#ededed" style="padding: 20px; background-color: #ededed; border-collapse:separate;">
            <tbody>

              <!-- HEADER -->
              <tr>
                <td align="center" style="min-width: 590px;">
                  <table width="590" border="0" cellpadding="0" bgcolor="#875A7B" style="min-width: 590px; background-color: rgb(135,90,123); padding: 20px; border-collapse:separate;">
                    <tr>
                      <td valign="middle">
                        <span style="font-size:20px; color:white; font-weight: bold;">
                          <t t-out="object.name" />
                        </span>
                      </td>
                      <td valign="middle" align="right">
                        <img src="/logo.png?company={{object.company_id.id}}" style="padding: 0px; margin: 0px; height: auto; width: 80px;" alt="{{object.company_id.name}}" />
                      </td>
                    </tr>
                  </table>
                </td>
              </tr>

              <!-- CONTENT -->
              <tr>
                <td align="center" style="min-width: 590px;">
                  <table width="590" border="0" cellpadding="0" bgcolor="#ffffff" style="min-width: 590px; background-color: rgb(255, 255, 255); padding: 20px; border-collapse:separate;">
                    <tbody>
                      <td valign="top" style="font-family:Arial,Helvetica,sans-serif; color: #555; font-size: 14px;">
                        <p style="margin: 0px; padding: 0px; font-size: 13px;">
                          Dear,
                          <t t-out="object.partner_id.name" />

                          <br />
                          <br />
                          Your Ticket is working on we will contact you soon.
                          <br />
                          <br />
                          <br />
                          <center>
                            <t t-if="object.company_id.access_for_everyone">
                              <a t-attf-href="{{ object.get_portal_url() }}" style="background-color: #1abc9c; padding: 10px; text-decoration: none; color: #fff; border-radius: 5px; font-size: 16px;" class="o_default_snippet_text">View Ticket</a>
                            </t>
                            <t t-else="">
                              <a t-attf-href="/my/helpdesk_tickets/{{ object.id }}" style="background-color: #1abc9c; padding: 10px; text-decoration: none; color: #fff; border-radius: 5px; font-size: 16px;" class="o_default_snippet_text">View Ticket</a>
                            </t>
                          </center>
                          <br />
                          <br />
                        </p>
                      </td>
                    </tbody>
                  </table>
                </td>
              </tr>

              <!-- FOOTER -->
              <tr>
                <td align="center" style="min-width: 590px;">
                  <table width="590" border="0" cellpadding="0" bgcolor="#875A7B" style="min-width: 590px; background-color: rgb(135,90,123); padding: 20px; border-collapse:separate;">
                    <tr>
                      <td valign="middle" align="left" style="color: #fff; padding-top: 10px; padding-bottom: 10px; font-size: 12px;">

                        <t t-out="object.company_id.name" />
                        <br />
                        <t t-out="object.company_id.phone or ''" />
                      </td>
                      <td valign="middle" align="right" style="color: #fff; padding-top: 10px; padding-bottom: 10px; font-size: 12px;">
                        <t t-if="object.company_id.email">
                          <a t-attf-href="mailto:${object.company_id.email}" style="text-decoration:none; color: white;">
                            <t t-out="object.company_id.email" />
                          </a>
                        </t>
                        <br />
                        <t t-if="object.company_id.website">
                          <a t-attf-href="{{object.company_id.website}}" style="text-decoration:none; color: white;">
                            <t t-out="object.company_id.website" />
                          </a>
                        </t>
                      </td>
                    </tr>
                  </table>
                </td>
              </tr>
            </tbody>
          </table>
        </div>
      </field>
    </record>
    <record id="sh_ticket_closed_template" model="mail.template">
      <field name="name">Closed Ticket: Send by email</field>
      <field name="model_id" ref="sh_all_in_one_helpdesk.model_sh_helpdesk_ticket" />
      <field name="email_from">{{( object.create_uid.partner_id.email_formatted) }}</field>
      <field name="partner_to">{{( object.partner_id.id )}}</field>
      <field name="subject">{{object.company_id.name}} Your ticket is closed (Ref {{object.name or 'n/a' }})</field>
      <field name="lang">{{ object.partner_id.lang }}</field>
      <field name="auto_delete" eval="False" />
      <field name="body_html" type="html">
        <div style="margin: 0px; padding: 0px;">
          <table border="0" width="100%" cellpadding="0" bgcolor="#ededed" style="padding: 20px; background-color: #ededed; border-collapse:separate;">
            <tbody>

              <!-- HEADER -->
              <tr>
                <td align="center" style="min-width: 590px;">
                  <table width="590" border="0" cellpadding="0" bgcolor="#875A7B" style="min-width: 590px; background-color: rgb(135,90,123); padding: 20px; border-collapse:separate;">
                    <tr>
                      <td valign="middle">
                        <span style="font-size:20px; color:white; font-weight: bold;">
                          <t t-out="object.name" />
                        </span>
                      </td>
                      <td valign="middle" align="right">
                        <img src="/logo.png?company={{object.company_id.id}}" style="padding: 0px; margin: 0px; height: auto; width: 80px;" alt="${object.company_id.name}" />
                      </td>
                    </tr>
                  </table>
                </td>
              </tr>

              <!-- CONTENT -->
              <tr>
                <td align="center" style="min-width: 590px;">
                  <table width="590" border="0" cellpadding="0" bgcolor="#ffffff" style="min-width: 590px; background-color: rgb(255, 255, 255); padding: 20px; border-collapse:separate;">
                    <tbody>
                      <td valign="top" style="font-family:Arial,Helvetica,sans-serif; color: #555; font-size: 14px;">
                        <p style="margin: 0px; padding: 0px; font-size: 13px;">
                          Dear
                          <t t-out="object.partner_id.name" />
                          ,
                          <br />
                          <br />
                          Your Ticket is closed for now, if you want to Re-open your ticket please give your reply.
                          <br />
                          <br />
                          We would like to get your feedback on the support.
                          <br />
                          <br />
                          <br />
                          <center>
                            <a t-attf-href="/ticket/feedback/{{object.id}}/?access_token={{object.access_token}}" style="background-color: #1abc9c; padding: 10px; text-decoration: none; color: #fff; border-radius: 5px; font-size: 16px;" class="o_default_snippet_text">Give Feedback</a>
                            <br />
                            <br />
                            <t t-if="object.company_id.access_for_everyone">
                              <a t-attf-href="{{ object.get_portal_url() }}" style="background-color: #1abc9c; padding: 10px; text-decoration: none; color: #fff; border-radius: 5px; font-size: 16px;" class="o_default_snippet_text">View Ticket</a>
                            </t>
                            <t t-else="">
                              <a t-attf-href="/my/helpdesk_tickets/{{ object.id }}" style="background-color: #1abc9c; padding: 10px; text-decoration: none; color: #fff; border-radius: 5px; font-size: 16px;" class="o_default_snippet_text">View Ticket</a>
                            </t>
                          </center>
                          <br />
                          <br />
                        </p>
                      </td>
                    </tbody>
                  </table>
                </td>
              </tr>

              <!-- FOOTER -->
              <tr>
                <td align="center" style="min-width: 590px;">
                  <table width="590" border="0" cellpadding="0" bgcolor="#875A7B" style="min-width: 590px; background-color: rgb(135,90,123); padding: 20px; border-collapse:separate;">
                    <tr>
                      <td valign="middle" align="left" style="color: #fff; padding-top: 10px; padding-bottom: 10px; font-size: 12px;">
                        <t t-out="object.company_id.name" />
                        <br />
                        <t t-out="object.company_id.phone or ''" />
                      </td>
                      <td valign="middle" align="right" style="color: #fff; padding-top: 10px; padding-bottom: 10px; font-size: 12px;">
                        <t t-if="object.company_id.email">
                          <a href="mailto:${object.company_id.email}" style="text-decoration:none; color: white;">
                            <t t-out="object.company_id.email" />
                          </a>
                        </t>

                        <br />
                        <t t-if="object.company_id.website">
                          <a t-attf-href="{{object.company_id.website}}" style="text-decoration:none; color: white;">
                            <t t-out="object.company_id.website" />
                          </a>
                        </t>
                      </td>
                    </tr>
                  </table>
                </td>
              </tr>
            </tbody>
          </table>
        </div>
      </field>
    </record>
    <record id="sh_send_whatsapp_email_template" model="mail.template">
      <field name="name">Ticket Whatsapp: Send by email</field>
      <field name="model_id" ref="sh_all_in_one_helpdesk.model_sh_helpdesk_ticket" />
      <field name="email_from">{{ (object.create_uid.email_formatted) }}</field>
      <field name="partner_to">{{ (object.partner_id.id) }}</field>
      <field name="subject">{{object.company_id.name}} (Ref {{object.name or 'n/a' }})</field>
      <field name="lang">{{ object.partner_id.lang }}</field>
      <field name="body_html" type="html">
        <div style="margin: 0px; padding: 0px;">
          <p style="margin: 0px; padding: 0px; font-size: 13px;">
            <div style="list-style-type: none;">
              Dear
              <t t-out="object.partner_id.name" />
              ,%0A%0A
            Here is the your Ticket *
              <t t-out="object.name" />
              *
            from
              <t t-out="object.company_id.name" />
              %0A%0A
              <t t-if="object.company_id.sh_ticket_product_detail">
                <t t-if="object.product_ids">
                  <span style="list-style-type: none;">
								    *Following is your product details*.%0A%0A
								</span>
                  %for line in object.product_ids:
                  <t t-foreach="object.product_ids" t-as="line">
                    <span class="badge badge-info" style="list-style-type:none;">
                      <t t-out="line.name_get()[0][1]" />
                      %0A%0A
                    </span>
                  </t>
                </t>
              </t>
              <br />
              <t t-if="object.company_id.sh_pdf_in_message">
                <span style="list-style-type: none;">
                  *Click here to download Ticket Document* %20 :
                  <t t-out="object.sh_ticket_report_url" />
                  %0A%0A
                </span>
              </t>
              <br />

              <t t-if="object.company_id.sh_ticket_url_in_message">
                <span style="list-style-type: none;">
                  *Click here to See Ticket History* %20 :
                  <t t-out="object.portal_ticket_url_wp" />
                  %0A%0A
                </span>
              </t>
              <br />
              <t t-if="object.company_id.sh_signature and object.env.user.sign">
                <span style="list-style-type: none;">
                  %20 *
                  <t t-out="object.env.user.sign" />
                  * %0A%0A
                </span>
              </t>
            </div>
          </p>
        </div>
      </field>
      <field name="lang">{{object.partner_id.lang}}</field>
      <field name="auto_delete" eval="False" />
    </record>
  </data>
</odoo>