<?xml version="1.0" encoding="UTF-8"?>
<odoo>
    <record id="cron_ticket_reminder" model="ir.cron">
        <field name="name">Ticket Reminder</field>
        <field name="interval_number">1</field>
        <field name="interval_type">minutes</field>
        <field name="numbercall">-1</field>
        <field name="doall" eval="False" />
        <field name="model_id" ref="model_sh_ticket_alarm" />
        <field name="code">model._run_ticket_reminder()</field>
        <field name="state">code</field>
    </record>
</odoo>
