<?xml version="1.0" encoding="UTF-8"?>
<odoo>
	<data noupdate="1">
    <record id="close_stage" model="helpdesk.stages">
        <field name="name">Closed</field>
        <field name="sequence">4</field>
        <field name="mail_template_ids" eval="[(4, ref('sh_all_in_one_helpdesk.sh_ticket_closed_template'))]" />
    </record>
	<record id="done_stage" model="helpdesk.stages">
        <field name="name">Done</field>
        <field name="sh_next_stage" ref="close_stage" />
        <field name="sequence">3</field>
        <field name="mail_template_ids" eval="[(4, ref('sh_all_in_one_helpdesk.sh_ticket_done_template'))]" />
    </record>
	<record id="in_progress_stage" model="helpdesk.stages">
        <field name="name">In Progress</field>
        <field name="sh_next_stage" ref="done_stage" />
        <field name="sequence">2</field>
    </record>
	<record id="new_stage" model="helpdesk.stages">
        <field name="name">New</field>
        <field name="sh_next_stage" ref="in_progress_stage" />
        <field name="sequence">1</field>
        <field name="mail_template_ids" eval="[(4, ref('sh_all_in_one_helpdesk.sh_ticket_new_template'))]" />
    </record>
    <record id="cancel_stage" model="helpdesk.stages">
        <field name="name">Cancelled</field>
        <field name="sequence">5</field>
        <field name="mail_template_ids" eval="[(4, ref('sh_all_in_one_helpdesk.sh_ticket_cancelled_template'))]" />
    </record>
    <record id="reopen_stage" model="helpdesk.stages">
        <field name="name">Reopened</field>
        <field name="sequence">6</field>
        <field name="sh_next_stage" ref="in_progress_stage" />
        <field name="mail_template_ids" eval="[(4, ref('sh_all_in_one_helpdesk.sh_ticket_reopened_template'))]" />
    </record>
    <record id="base.main_company" model="res.company">
        <field name="name">My Company</field>
        <field name="partner_id" ref="base.main_partner" />
        <field name="new_stage_id" ref="new_stage" />
        <field name="cancel_stage_id" ref="cancel_stage" />
        <field name="done_stage_id" ref="done_stage" />
        <field name="close_stage_id" ref="close_stage" />
        <field name="reopen_stage_id" ref="reopen_stage" />
        <field name="allocation_mail_template_id" ref="sh_all_in_one_helpdesk.sh_ticket_user_allocation_template" />
        <field name="reply_mail_template_id" ref="sh_all_in_one_helpdesk.sh_ticket_replay_template" />
        <field name="dashboard_filter" eval="[(4, ref('new_stage')),(4, ref('in_progress_stage')),(4, ref('cancel_stage')),(4, ref('done_stage')),(4, ref('close_stage')),(4, ref('reopen_stage'))]" />
        <field name="dashboard_tables" eval="[(4, ref('new_stage')),(4, ref('in_progress_stage')),(4, ref('cancel_stage')),(4, ref('done_stage')),(4, ref('close_stage')),(4, ref('reopen_stage'))]" />
    </record>
    </data>
</odoo>
